{
  "project_info": {
    "project_number": "816880709681",
    "project_id": "lab5-f4445",
    "storage_bucket": "lab5-f4445.appspot.com"
  },
  "client": [
    {
      "client_info": {
        "mobilesdk_app_id": "1:816880709681:android:8fae3b0ceef21123d12510",
        "android_client_info": {
          "package_name": "com.example.lab5"
        }
      },
      "oauth_client": [
        {
          "client_id": "816880709681-2asi6k3fb90kpstkcufu07lqt632dcpg.apps.googleusercontent.com",
          "client_type": 3
        }
      ],
      "api_key": [
        {
          "current_key": "AIzaSyBoWZ86pDbQPYg2FsEhHaTZFMONVC0UQUk"
        }
      ],
      "services": {
        "appinvite_service": {
          "other_platform_oauth_client": [
            {
              "client_id": "816880709681-2asi6k3fb90kpstkcufu07lqt632dcpg.apps.googleusercontent.com",
              "client_type": 3
            }
          ]
        }
      }
    }
  ],
  "configuration_version": "1"
}